"subreddit;""approved_at_utc"";""selftext"";""author_fullname"";""saved"";""mod_reason_title"";""gilded"";""clicked"";""title"";""link_flair_richtext"""
"security;""null"";"" "";""t2_2843ht00"";0;""null"";0;0;""Cyber-Security"";"""""
"gid_1;""gid_2"";""god_3"""
0;0;0
"thumbnail;""link_flair_text"";""can_mod_post"";""score"";""edited"";""author_flair_css_class"";""author_flair_richtext"""
"htpps://a.thumbs.jpg;""null"";""0"";68;0;""null"";"" """
"secure_media;""is_reddit_media_domain"";""is_meta"";""category"";""secure_media_embed"""
"0;0;0;""null"";"""""
"url;""width"";""height"""
https://external-preview.jpg;770;578
"subreddit_name_prefixed;""hidden"";""pwls"";""link_flair_css_class"";""downs"";""thumbnail_height"";""hide_score"";""name"";""quarantine"";""link_flair_text_color"";""author_flair_background_color"";""subreddit_type"";""ups"";""domain"";""media_embed"""
"r/security;0;6;""0"";""0"";105;0;""t3_9ywsnj"";0;""dark"";""0"";""public"";68;""zdnet.com"";"""""
"thumbnail_width;""author_flair_template_id"";""users_user_id"";""is_original_content"";""user_reports"""
"140;0;1;0;"" """
"user_id;""author"""
"1;""me"""
"media_only;""link_flair_template_id"";""can_gild"";""spoiler"";""locked"";""author_flair_text"";""visited"";""num_reports"";""distinguished"";""subreddit_subreddit_name_prefixed"";""mod_reason_by"";""removal_reason"";""link_flair_background_color"";""id"";""is_robot_indexable"";""reports_reasons"";""author"";""num_crossposts"";""num_comments"";""send_replies"";""whitelist_status"";""mod_reports"""
"1;""1"";1;1;1;""null"";1;0;""null"";""t5_2qhvw"";""null"";""null"";"""";""9y606c"";""0"";0;""Cyberthere"";0;7;0;""all_ads"";"""""